{"name":"1bb25272-09a8-493c-a9a1-0406526f2cb3","id":"/providers/Microsoft.Flow/flows/1bb25272-09a8-493c-a9a1-0406526f2cb3","type":"Microsoft.Flow/flows","properties":{"apiId":"/providers/Microsoft.PowerApps/apis/shared_logicflows","displayName":"New agreement + save to sharepoint","definition":{"metadata":{"workflowEntityId":null,"processAdvisorMetadata":null,"flowclientsuspensionreason":"None","flowclientsuspensiontime":null,"creator":{"id":"ab8d2c5e-333e-42b5-ba5e-c7f783811b8a","type":"User","tenantId":"fa7b1b5a-7b34-4387-94ae-d2c178decee1"},"provisioningMethod":"FromDefinition","failureAlertSubscription":true,"clientLastModifiedTime":"2022-05-05T13:21:23.3633992Z","flowclientsuspensionreasondetails":null},"$schema":"https://schema.management.azure.com/providers/Microsoft.Logic/schemas/2016-06-01/workflowdefinition.json#","contentVersion":"1.0.0.0","parameters":{"$connections":{"defaultValue":{},"type":"Object"},"$authentication":{"defaultValue":{},"type":"SecureObject"}},"triggers":{"When_an_agreement_workflow_is_completed_successfully":{"metadata":{"operationMetadataId":"03231726-6f2a-4ffa-b3f6-65e201b7ae9e"},"type":"OpenApiConnectionWebhook","inputs":{"host":{"apiId":"/providers/Microsoft.PowerApps/apis/shared_adobesign","connectionName":"shared_adobesign","operationId":"CreateWebhookForAgreementSignedEvent"},"parameters":{"WebhookCreationInfo/name":"Agreement done","WebhookCreationInfo/scope":"Any agreement in my account","WebhookCreationInfo/webhookConditionalParams/webhookAgreementEvents/includeDetailedInfo":false,"WebhookCreationInfo/webhookConditionalParams/webhookAgreementEvents/includeParticipantsInfo":false,"WebhookCreationInfo/webhookConditionalParams/webhookAgreementEvents/includeDocumentsInfo":false,"WebhookCreationInfo/webhookConditionalParams/webhookAgreementEvents/includeSignedDocuments":false},"authentication":"@parameters('$authentication')"}}},"actions":{"Get_a_PDF_of_a_signed_agreement":{"runAfter":{},"metadata":{"operationMetadataId":"00ece4cf-2a36-4067-861c-84187a2a95db"},"type":"OpenApiConnection","inputs":{"host":{"apiId":"/providers/Microsoft.PowerApps/apis/shared_adobesign","connectionName":"shared_adobesign","operationId":"GetCombinedDocument_V2"},"parameters":{"agreementId":"@triggerOutputs()?['body/agreement/id']"},"authentication":"@parameters('$authentication')"}},"Create_file":{"runAfter":{"Get_a_PDF_of_a_signed_agreement":["Succeeded"]},"metadata":{"operationMetadataId":"3fab90b9-781e-4de7-a546-741c6a311683"},"type":"OpenApiConnection","inputs":{"host":{"apiId":"/providers/Microsoft.PowerApps/apis/shared_sharepointonline","connectionName":"shared_sharepointonline","operationId":"CreateFile"},"parameters":{"dataset":"https://adobe.sharepoint.com/sites/DCEBootcamp774","folderPath":"/Shared Documents/testing/signed","name":"@{triggerOutputs()?['body/agreement/name']}-@{triggerOutputs()?['body/agreement/id']}-signed.pdf","body":"@body('Get_a_PDF_of_a_signed_agreement')"},"authentication":"@parameters('$authentication')"},"runtimeConfiguration":{"contentTransfer":{"transferMode":"Chunked"}}}}},"connectionReferences":{"shared_adobesign":{"connectionName":"shared-adobesign-220e3288-50c0-4547-aaa0-519a-0ba9b25b","source":"Embedded","id":"/providers/Microsoft.PowerApps/apis/shared_adobesign","tier":"NotSpecified"},"shared_sharepointonline":{"connectionName":"29cdfa1e9e2f430ca1f1b99392184b4d","source":"Embedded","id":"/providers/Microsoft.PowerApps/apis/shared_sharepointonline","tier":"NotSpecified"}},"flowFailureAlertSubscribed":false,"isManaged":false}}