{"name":"434f7208-7a71-4d1c-bb45-af4acd6b416a","id":"/providers/Microsoft.Flow/flows/434f7208-7a71-4d1c-bb45-af4acd6b416a","type":"Microsoft.Flow/flows","properties":{"apiId":"/providers/Microsoft.PowerApps/apis/shared_logicflows","displayName":"pull separate docs","definition":{"metadata":{"workflowEntityId":null,"processAdvisorMetadata":null,"flowclientsuspensionreason":"None","flowclientsuspensiontime":null,"creator":{"id":"ab8d2c5e-333e-42b5-ba5e-c7f783811b8a","type":"User","tenantId":"fa7b1b5a-7b34-4387-94ae-d2c178decee1"},"provisioningMethod":"FromDefinition","failureAlertSubscription":true,"clientLastModifiedTime":"2022-05-19T18:26:53.7782667Z","flowclientsuspensionreasondetails":null},"$schema":"https://schema.management.azure.com/providers/Microsoft.Logic/schemas/2016-06-01/workflowdefinition.json#","contentVersion":"1.0.0.0","parameters":{"$connections":{"defaultValue":{},"type":"Object"},"$authentication":{"defaultValue":{},"type":"SecureObject"}},"triggers":{"When_an_agreement_workflow_is_completed_successfully":{"metadata":{"operationMetadataId":"8425f21b-214a-4798-abfc-ad0ada135c1b"},"type":"OpenApiConnectionWebhook","inputs":{"host":{"apiId":"/providers/Microsoft.PowerApps/apis/shared_adobesign","connectionName":"shared_adobesign","operationId":"CreateWebhookForAgreementSignedEvent"},"parameters":{"WebhookCreationInfo/name":"Agreement done","WebhookCreationInfo/scope":"Any agreement in my account","WebhookCreationInfo/webhookConditionalParams/webhookAgreementEvents/includeDetailedInfo":false,"WebhookCreationInfo/webhookConditionalParams/webhookAgreementEvents/includeParticipantsInfo":false,"WebhookCreationInfo/webhookConditionalParams/webhookAgreementEvents/includeDocumentsInfo":false,"WebhookCreationInfo/webhookConditionalParams/webhookAgreementEvents/includeSignedDocuments":false},"authentication":"@parameters('$authentication')"}}},"actions":{"Get_a_list_of_all_the_document_IDs_from_an_agreement":{"runAfter":{},"metadata":{"operationMetadataId":"7a52f3ea-b175-4bb7-9d73-1e6f61bbb948"},"type":"OpenApiConnection","inputs":{"host":{"apiId":"/providers/Microsoft.PowerApps/apis/shared_adobesign","connectionName":"shared_adobesign","operationId":"GetAllDocumentsofAnAgreement_V2"},"parameters":{"agreementId":"@triggerOutputs()?['body/agreement/id']","supportingDocumentContentFormat":"CONVERTED_PDF"},"authentication":"@parameters('$authentication')"}},"Apply_to_each":{"foreach":"@outputs('Get_a_list_of_all_the_document_IDs_from_an_agreement')?['body/documents']","actions":{"Get_a_document_from_an_agreement":{"runAfter":{},"metadata":{"operationMetadataId":"9f79bdbc-0523-4f48-b925-195b375ffb3b"},"type":"OpenApiConnection","inputs":{"host":{"apiId":"/providers/Microsoft.PowerApps/apis/shared_adobesign","connectionName":"shared_adobesign","operationId":"GetDocument_V2"},"parameters":{"agreementId":"@triggerOutputs()?['body/agreement/id']","documentId":"@items('Apply_to_each')?['id']"},"authentication":"@parameters('$authentication')"}},"Create_file":{"runAfter":{"Get_a_document_from_an_agreement":["Succeeded"]},"metadata":{"operationMetadataId":"f1d34c77-23de-47f6-b40f-f01d829556df"},"type":"OpenApiConnection","inputs":{"host":{"apiId":"/providers/Microsoft.PowerApps/apis/shared_sharepointonline","connectionName":"shared_sharepointonline","operationId":"CreateFile"},"parameters":{"dataset":"https://adobe.sharepoint.com/sites/DCEBootcamp774","folderPath":"/Shared Documents/testing/@{triggerOutputs()?['body/agreement/id']}","name":"@{items('Apply_to_each')?['name']}.pdf","body":"@body('Get_a_document_from_an_agreement')"},"authentication":"@parameters('$authentication')"},"runtimeConfiguration":{"contentTransfer":{"transferMode":"Chunked"}}}},"runAfter":{"Get_a_list_of_all_the_document_IDs_from_an_agreement":["Succeeded"]},"metadata":{"operationMetadataId":"27a9454a-735f-4e47-98f5-4ddff5da24ab"},"type":"Foreach"}}},"connectionReferences":{"shared_adobesign":{"connectionName":"shared-adobesign-220e3288-50c0-4547-aaa0-519a-0ba9b25b","source":"Embedded","id":"/providers/Microsoft.PowerApps/apis/shared_adobesign","tier":"NotSpecified"},"shared_sharepointonline":{"connectionName":"29cdfa1e9e2f430ca1f1b99392184b4d","source":"Embedded","id":"/providers/Microsoft.PowerApps/apis/shared_sharepointonline","tier":"NotSpecified"}},"flowFailureAlertSubscribed":false,"isManaged":false}}