{"name":"1023454e-6993-4c34-b2d8-90a66fc6d8b9","id":"/providers/Microsoft.Flow/flows/1023454e-6993-4c34-b2d8-90a66fc6d8b9","type":"Microsoft.Flow/flows","properties":{"apiId":"/providers/Microsoft.PowerApps/apis/shared_logicflows","displayName":"Send custom email","definition":{"metadata":{"workflowEntityId":null,"processAdvisorMetadata":null,"flowclientsuspensionreason":"None","flowclientsuspensiontime":null,"flowclientsuspensionreasondetails":null,"creator":{"id":"ab8d2c5e-333e-42b5-ba5e-c7f783811b8a","type":"User","tenantId":"fa7b1b5a-7b34-4387-94ae-d2c178decee1"},"provisioningMethod":"FromDefinition","failureAlertSubscription":true,"clientLastModifiedTime":"2023-03-29T16:00:07.3118079Z"},"$schema":"https://schema.management.azure.com/providers/Microsoft.Logic/schemas/2016-06-01/workflowdefinition.json#","contentVersion":"1.0.0.0","parameters":{"$connections":{"defaultValue":{},"type":"Object"},"$authentication":{"defaultValue":{},"type":"SecureObject"}},"triggers":{"When_an_event_occurs":{"metadata":{"operationMetadataId":"2a8e8f53-f7a3-4c63-b16d-a5f2e3845ce3"},"type":"OpenApiConnectionWebhook","inputs":{"host":{"apiId":"/providers/Microsoft.PowerApps/apis/shared_adobesign","connectionName":"shared_adobesign","operationId":"CreateWebhookGeneric"},"parameters":{"WebhookCreationInfo/name":"Send custom email","WebhookCreationInfo/scope":"Any resource in my group","WebhookCreationInfo/webhookSubscriptionEvents":["When an agreement is sent"]},"authentication":"@parameters('$authentication')"}}},"actions":{"Retrieve_the_Signing_URL":{"runAfter":{},"metadata":{"operationMetadataId":"58af610c-7c20-434a-9125-ec5192923eb8"},"type":"OpenApiConnection","inputs":{"host":{"apiId":"/providers/Microsoft.PowerApps/apis/shared_adobesign","connectionName":"shared_adobesign","operationId":"GetSigningUrls"},"parameters":{"agreementId":"@triggerOutputs()?['body/agreement/id']"},"authentication":"@parameters('$authentication')"}},"Apply_to_each":{"foreach":"@outputs('Retrieve_the_Signing_URL')?['body/signingUrlSetInfos']","actions":{"Parse_JSON":{"runAfter":{},"metadata":{"operationMetadataId":"b18c45e8-8f27-4965-b0af-f6c8779be43f"},"type":"ParseJson","inputs":{"content":"@items('Apply_to_each')","schema":{"type":"object","properties":{"signingUrls":{"type":"array","items":{"type":"object","properties":{"email":{"type":"string"},"esignUrl":{"type":"string"}},"required":["email","esignUrl"]}}}}}},"Apply_to_each_2":{"foreach":"@body('Parse_JSON')?['signingUrls']","actions":{"Send_an_email_notification_(V3)":{"runAfter":{},"metadata":{"operationMetadataId":"d7c22da8-d863-4b61-bf5d-25865577afa9"},"type":"OpenApiConnection","inputs":{"host":{"apiId":"/providers/Microsoft.PowerApps/apis/shared_sendmail","connectionName":"shared_sendmail","operationId":"SendEmailV3"},"parameters":{"request/to":"@{items('Apply_to_each_2')?['email']};","request/subject":"Sign This Custom Version of the Email","request/text":"<p>&lt;h1&gt;Please Sign by Clicking Below!!!&lt;/h1&gt;<br>\n@{items('Apply_to_each_2')?['esignUrl']}</p>"},"authentication":"@parameters('$authentication')"}}},"runAfter":{"Parse_JSON":["Succeeded"]},"metadata":{"operationMetadataId":"72698c1f-b181-4931-82c7-1244216db7b8"},"type":"Foreach"}},"runAfter":{"Retrieve_the_Signing_URL":["Succeeded"]},"metadata":{"operationMetadataId":"99166ad5-cdb8-4487-a14b-ad43b4723bb8"},"type":"Foreach"}}},"connectionReferences":{"shared_adobesign":{"connectionName":"shared-adobesign-220e3288-50c0-4547-aaa0-519a-0ba9b25b","source":"Embedded","id":"/providers/Microsoft.PowerApps/apis/shared_adobesign","tier":"NotSpecified"},"shared_sendmail":{"connectionName":"shared-sendmail-3bdb3266-c0b1-417e-b502-ef43-e006a64d","source":"Embedded","id":"/providers/Microsoft.PowerApps/apis/shared_sendmail","tier":"NotSpecified"}},"flowFailureAlertSubscribed":false,"isManaged":false}}